generation,reward,actor_loss,critic_loss,entropy_loss,diversity,loss,learning_rate,right_up,right_down,kl_diversity,cosine_actions
0,-1.15,1.3636479,0,0,0.028304428,1.3919524,0.00049999985,1.0,0.5,9.69048,0.14152214
5,-1.1500000000000001,1.2825766,0,0,0.1695123,1.4520888,0.00049999903,0.6666666666666666,0.4166666666666667,9.938489,0.8475615
10,-1.1499999999999995,1.3777628,0,0,0.13600461,1.5137674,0.00049999816,0.5909090909090909,0.36363636363636365,9.774866,0.6800231
15,-1.1499999999999992,1.388512,0,0,0.1801546,1.5686666,0.00049999735,0.6875,0.34375,9.991732,0.90077305
20,-1.149999999999999,1.4205073,0,0,0.17584315,1.5963504,0.00049999653,0.6190476190476191,0.2857142857142857,9.914099,0.8792157
25,-1.149999999999999,1.4430987,0,0,0.08201151,1.5251101,0.00049999566,0.54,0.22,7.8619323,0.41005757
30,-1.1087999999999991,1.3781691,0,0,0.14292482,1.5210938,0.00049999484,0.6,0.18,8.689659,0.71462405
35,-1.1087999999999991,1.4219743,0,0,0.03167716,1.4536514,0.000499994,0.64,0.16,7.198242,0.1583858
40,-1.068699999999999,1.3574109,0,0,0.1717137,1.5291246,0.00049999316,0.6,0.16,7.9033175,0.8585685
45,-1.0271999999999992,1.3653688,0,0,0.06253936,1.4279082,0.00049999234,0.64,0.16,7.781398,0.31269678
50,-0.9861999999999993,1.4149777,0,0,0.03585973,1.4508374,0.0004999915,0.7,0.24,7.761328,0.17929864
55,-1.0273999999999992,1.4094472,0,0,0.19814645,1.6075937,0.00049999065,0.6,0.24,11.051977,0.99073225
60,-0.9854999999999993,1.3498712,0,0,0.07748478,1.4273559,0.00049998984,0.56,0.24,6.73866,0.38742387
65,-1.0255999999999992,1.4895892,0,0,0.092594825,1.5821841,0.000499989,0.54,0.24,6.788367,0.46297413
70,-1.025399999999999,1.2466795,0,0,0.1868695,1.433549,0.00049998815,0.56,0.32,7.649954,0.9343475
75,-1.0254999999999992,1.5103873,0,0,0.03538629,1.5457736,0.00049998733,0.62,0.3,5.511695,0.17693146
80,-0.9845999999999993,1.3846021,0,0,0.19889359,1.5834956,0.0004999865,0.7,0.3,9.605561,0.994468
85,-0.9851999999999991,1.2644018,0,0,0.18799096,1.4523928,0.00049998565,0.72,0.32,9.49826,0.9399548
90,-0.9039999999999994,1.040914,0,0,0.08543958,1.1263536,0.00049998483,0.68,0.32,2.7872453,0.42719787
95,-0.9456999999999993,0.7793617,0,0,0.10895526,0.888317,0.000499984,0.62,0.26,0.6284251,0.54477626
100,-0.9455999999999993,0.5309218,0,0,0.19860874,0.7295306,0.00049998314,0.54,0.2,0.5075226,0.99304366
105,-0.9447999999999993,0.10882926,0,0,0.1998778,0.30870706,0.0004999823,0.54,0.24,3.729379,0.999389
110,-0.9041999999999993,1.1811514,0,0,0.19981237,1.3809638,0.0004999815,0.56,0.26,0.5700353,0.9990618
115,-0.8617999999999992,0.44577718,0,0,0.1979297,0.64370686,0.00049998064,0.56,0.26,1.9663047,0.98964846
120,-0.7789999999999994,0.38703373,0,0,0.19623224,0.58326596,0.0004999798,0.62,0.26,1.5516847,0.98116124
125,-0.7780999999999995,0.5437683,0,0,0.19994551,0.7437138,0.000499979,0.62,0.3,4.580833,0.99972755
130,-0.8197999999999994,0.40641457,0,0,0.19898902,0.6054036,0.00049997814,0.6,0.32,0.9859454,0.9949451
135,-0.8193999999999995,0.24405527,0,0,0.19985974,0.443915,0.0004999773,0.62,0.32,2.6045535,0.9992987
140,-0.9016999999999993,0.49712616,0,0,0.1999934,0.6971196,0.0004999765,0.66,0.3,5.0027637,0.999967
145,-0.9437999999999992,0.64687926,0,0,0.19995199,0.84683126,0.00049997563,0.68,0.34,6.437241,0.9997599
150,-0.9045999999999994,0.427128,0,0,0.19982748,0.62695545,0.0004999748,0.64,0.38,5.944016,0.99913734
155,-0.8219999999999995,0.5249773,0,0,0.19906497,0.7240423,0.000499974,0.6,0.42,4.165727,0.99532485
160,-0.9042999999999992,0.27505457,0,0,0.19962966,0.47468424,0.00049997313,0.62,0.4,5.0727425,0.9981483
165,-0.9455999999999992,0.074601404,0,0,0.19990018,0.2745016,0.0004999723,0.68,0.38,5.1429067,0.9995009
170,-0.9445999999999992,0.795428,0,0,0.1998893,0.9953173,0.0004999715,0.64,0.4,5.7469893,0.9994465
175,-0.9854999999999992,0.266356,0,0,0.19984587,0.46620184,0.0004999706,0.74,0.4,5.742711,0.9992293
180,-1.0680999999999992,0.3251329,0,0,0.1998685,0.5250014,0.0004999698,0.78,0.34,5.6188936,0.9993425
185,-1.0261999999999991,0.69670206,0,0,0.19995847,0.89666057,0.00049996894,0.64,0.3,6.6296372,0.99979234
190,-0.9436999999999992,0.17166486,0,0,0.19996832,0.37163317,0.0004999681,0.58,0.3,6.3785076,0.99984163
195,-0.9452999999999991,0.32069105,0,0,0.19981432,0.52050537,0.0004999673,0.56,0.24,4.1558905,0.9990716
200,-0.9854999999999993,0.659816,0,0,0.19957395,0.85938996,0.00049996644,0.56,0.2,4.445703,0.99786973
205,-0.9443999999999992,0.5145135,0,0,0.19973083,0.7142443,0.0004999656,0.58,0.18,5.1303887,0.9986541
210,-0.9048999999999994,0.06627483,0,0,0.19986275,0.26613757,0.0004999648,0.72,0.26,5.130067,0.9993137
215,-0.9464999999999992,0.6045019,0,0,0.19990559,0.8044075,0.00049996393,0.76,0.38,4.811283,0.99952793
220,-0.9452999999999991,0.19917084,0,0,0.19998719,0.39915803,0.0004999631,0.84,0.42,6.4402966,0.9999359
225,-0.9046999999999993,0.17682625,0,0,0.19987316,0.37669942,0.0004999623,0.86,0.48,5.7969465,0.9993658
230,-0.9045999999999994,0.66687006,0,0,0.19998173,0.8668518,0.00049996143,0.88,0.54,6.6813793,0.9999087
235,-0.9456999999999993,0.4696372,0,0,0.19990869,0.6695459,0.0004999606,0.76,0.48,6.2206764,0.9995434
240,-0.9452999999999993,0.7864934,0,0,0.19991207,0.9864055,0.0004999598,0.74,0.38,5.1102557,0.99956036
245,-0.9865999999999993,0.5497243,0,0,0.19977419,0.7494985,0.00049995893,0.76,0.42,5.04552,0.99887097
250,-0.9049999999999995,0.3238543,0,0,0.19996761,0.5238219,0.0004999581,0.68,0.38,6.6026716,0.999838
255,-0.9038999999999991,0.041292965,0,0,0.19998646,0.24127942,0.0004999573,0.52,0.28,6.12964,0.9999323
260,-0.9032999999999991,0.33726513,0,0,0.19996454,0.53722966,0.0004999564,0.54,0.28,5.7091293,0.9998227
265,-0.9024999999999993,0.18219674,0,0,0.19990838,0.3821051,0.0004999556,0.54,0.28,4.3244257,0.9995419
270,-0.9024999999999994,0.21658053,0,0,0.1999113,0.4164918,0.0004999548,0.46,0.18,4.5265627,0.9995565
275,-1.0246999999999993,0.21850845,0,0,0.19981672,0.4183252,0.0004999539,0.48,0.16,4.273584,0.9990836
280,-1.0264999999999993,0.36504763,0,0,0.1997133,0.5647609,0.0004999531,0.52,0.16,4.6604047,0.9985665
285,-1.067399999999999,0.39839837,0,0,0.19993125,0.5983296,0.0004999523,0.54,0.16,4.8719797,0.9996562
290,-1.109499999999999,0.07917959,0,0,0.19995499,0.27913457,0.0004999514,0.5,0.2,6.2103066,0.99977493
295,-1.0689999999999993,0.16765904,0,0,0.1998579,0.36751693,0.0004999506,0.5,0.26,4.990393,0.9992895
300,-1.0689999999999993,1.2079864,0,0,0.19989322,1.4078796,0.0004999498,0.5,0.28,5.352452,0.99946606
305,-1.109499999999999,0.53180766,0,0,0.19994675,0.7317544,0.0004999489,0.56,0.3,3.502023,0.9997337
310,-1.0683999999999991,0.29963553,0,0,0.19993441,0.49956995,0.0004999481,0.62,0.38,3.7967339,0.99967206
315,-0.9879999999999992,0.4367075,0,0,0.19999366,0.63670117,0.0004999473,0.7,0.42,6.587336,0.99996823
320,-1.028499999999999,0.7400589,0,0,0.19999547,0.94005436,0.0004999464,0.64,0.38,2.154361,0.99997735
325,-1.0284999999999993,0.7152213,0,0,0.19999793,0.9152192,0.0004999456,0.62,0.34,3.6321237,0.9999896
330,-0.9870999999999992,0.46622872,0,0,0.19999759,0.6662263,0.0004999448,0.68,0.4,5.5305753,0.99998796
335,-0.9064999999999993,0.2837314,0,0,0.19999723,0.48372865,0.0004999439,0.7,0.38,2.3606265,0.9999862
340,-0.9464999999999992,0.7177555,0,0,0.19998625,0.9177418,0.0004999431,0.7,0.34,2.2913043,0.9999312
345,-0.8231999999999994,0.52925414,0,0,0.19998054,0.7292347,0.0004999423,0.78,0.4,3.647156,0.9999027
350,-0.8231999999999995,0.96727467,0,0,0.1999968,1.1672715,0.0004999414,0.8,0.44,3.9751875,0.99998397
355,-0.8234999999999993,0.24250962,0,0,0.19998614,0.44249576,0.0004999406,0.72,0.38,1.99261,0.99993074
360,-0.9030999999999993,0.68670225,0,0,0.19997966,0.8866819,0.0004999398,0.58,0.32,2.8047497,0.9998983
365,-0.9028999999999993,0.5383014,0,0,0.19999821,0.7382996,0.00049993896,0.46,0.26,6.306906,0.99999106
370,-0.9857999999999991,0.6675279,0,0,0.19998547,0.8675134,0.00049993815,0.34,0.16,4.680888,0.99992734
375,-0.8634999999999994,0.41802093,0,0,0.19998513,0.61800605,0.0004999373,0.28,0.12,3.9739742,0.9999256
380,-0.8226999999999994,0.4222474,0,0,0.19998363,0.622231,0.00049993646,0.32,0.18,3.7043712,0.9999181
385,-0.8647999999999993,0.69042385,0,0,0.19999616,0.89042,0.00049993565,0.48,0.26,3.2268672,0.99998075
390,-0.7844999999999993,0.4031591,0,0,0.19999115,0.60315025,0.0004999348,0.54,0.34,4.9603763,0.9999557
395,-0.8248999999999995,0.3161383,0,0,0.1999304,0.5160687,0.00049993396,0.56,0.36,3.2295113,0.99965197
400,-0.7818999999999994,0.7581046,0,0,0.19996814,0.9580728,0.00049993314,0.56,0.38,3.627755,0.99984074
405,-0.8637999999999993,0.7931342,0,0,0.19995797,0.9930922,0.00049993227,0.44,0.28,4.3397465,0.99978983
410,-0.8224999999999993,0.7145156,0,0,0.19996975,0.9144854,0.00049993146,0.32,0.18,5.7086625,0.9998488
415,-0.9433999999999994,0.44607335,0,0,0.19997345,0.6460468,0.00049993064,0.4,0.16,4.010149,0.9998672
420,-0.9017999999999994,0.67198795,0,0,0.199971,0.871959,0.00049992977,0.5,0.22,4.6714363,0.99985504
425,-1.0269999999999992,0.5762383,0,0,0.19985516,0.7760934,0.00049992895,0.62,0.24,4.1597543,0.9992758
430,-0.9439999999999992,0.2339747,0,0,0.19997117,0.43394586,0.00049992814,0.78,0.32,4.531364,0.9998558
435,-0.9031999999999992,0.13810082,0,0,0.19998193,0.33808273,0.00049992726,0.82,0.36,4.1766405,0.99990964
440,-0.9031999999999993,0.6892327,0,0,0.19998477,0.8892175,0.00049992645,0.66,0.3,3.997075,0.9999238
445,-0.8626999999999994,0.22913432,0,0,0.19993696,0.42907128,0.00049992563,0.54,0.22,3.2427511,0.99968475
450,-0.8622999999999995,0.3598941,0,0,0.19999936,0.5598935,0.00049992476,0.38,0.2,6.6606946,0.9999968
455,-0.8619999999999994,0.81918764,0,0,0.1999918,1.0191795,0.00049992395,0.22,0.14,4.994453,0.999959
460,-0.9440999999999993,0.41634327,0,0,0.19999672,0.61634,0.00049992313,0.14,0.1,5.7738934,0.9999836
465,-0.7815999999999993,0.4034629,0,0,0.19995557,0.60341847,0.00049992226,0.14,0.1,3.9142118,0.9997778
470,-0.7820999999999995,0.43459517,0,0,0.19999899,0.63459414,0.00049992144,0.28,0.2,6.085877,0.99999493
475,-0.7389999999999993,0.32581374,0,0,0.19999734,0.5258111,0.0004999206,0.42,0.3,7.1432214,0.99998665
480,-0.7400999999999995,0.6961735,0,0,0.19998868,0.89616215,0.00049991976,0.5,0.34,5.389983,0.9999434
485,-0.7400999999999995,0.7024859,0,0,0.19999924,0.90248513,0.00049991894,0.62,0.4,6.982662,0.9999962
490,-0.9025999999999993,0.4502818,0,0,0.19999683,0.6502786,0.0004999181,0.68,0.38,5.0244455,0.99998415
495,-0.9841999999999993,0.54446226,0,0,0.19998224,0.7444445,0.00049991725,0.6,0.28,4.1885176,0.9999112
500,-1.0677999999999992,0.24237344,0,0,0.19999634,0.44236976,0.00049991644,0.5,0.14,3.757491,0.99998164
505,-1.109499999999999,0.27913913,0,0,0.19999886,0.479138,0.0004999156,0.44,0.08,5.577935,0.9999943
510,-1.109499999999999,0.22199085,0,0,0.19999449,0.42198533,0.00049991475,0.28,0.04,4.5472383,0.99997246
515,-1.109499999999999,0.07934716,0,0,0.19999932,0.27934647,0.00049991393,0.26,0.14,5.499546,0.99999654
520,-1.109499999999999,0.1831059,0,0,0.19999512,0.38310102,0.00049991306,0.38,0.28,5.85152,0.99997556
525,-1.1094999999999993,0.077104226,0,0,0.19999467,0.2770989,0.00049991225,0.5,0.34,6.0859294,0.9999733
530,-1.149999999999999,0.2029939,0,0,0.19999826,0.40299216,0.00049991143,0.58,0.34,6.8374505,0.9999913
535,-1.149999999999999,0.050557517,0,0,0.19999072,0.25054824,0.00049991056,0.76,0.3,4.046335,0.99995357
540,-1.149999999999999,0.120996155,0,0,0.19999743,0.32099357,0.00049990974,0.68,0.2,6.539804,0.9999871
545,-1.109899999999999,0.026585247,0,0,0.19999838,0.22658363,0.0004999089,0.56,0.08,6.9298863,0.9999919
550,-1.109899999999999,0.075681366,0,0,0.19999424,0.2756756,0.00049990806,0.58,0.12,5.1555014,0.99997115
555,-1.0280999999999991,0.3069929,0,0,0.19999717,0.5069901,0.00049990724,0.6,0.2,6.146239,0.9999858
560,-0.9468999999999991,0.18705875,0,0,0.19999793,0.38705668,0.0004999064,0.46,0.22,6.4146547,0.9999896
565,-0.9045999999999991,0.462348,0,0,0.19999586,0.66234386,0.00049990555,0.5,0.28,4.961953,0.99997926
570,-0.8626999999999992,0.8164125,0,0,0.1999994,1.0164119,0.00049990474,0.5,0.3,3.896355,0.999997
575,-0.7809999999999994,0.5558623,0,0,0.19999938,0.7558617,0.0004999039,0.34,0.24,7.0705304,0.9999969
580,-0.7376999999999996,0.27288398,0,0,0.19999894,0.47288293,0.00049990305,0.26,0.2,5.7878165,0.9999947
585,-0.7773999999999995,0.7011429,0,0,0.19999668,0.9011396,0.00049990223,0.24,0.18,6.756832,0.9999834
590,-0.8196999999999994,0.53679425,0,0,0.19999412,0.7367884,0.0004999014,0.2,0.12,6.3216434,0.99997056
595,-0.8188999999999994,0.46425754,0,0,0.1999963,0.66425383,0.00049990055,0.22,0.14,6.414946,0.99998146
600,-0.8593999999999994,0.7583965,0,0,0.19999741,0.95839393,0.00049989973,0.38,0.2,7.036482,0.999987
605,-0.9844999999999993,0.5834244,0,0,0.19999154,0.7834159,0.0004998989,0.5,0.24,4.963091,0.9999577
610,-0.9836999999999992,0.1612511,0,0,0.19998024,0.36123133,0.00049989804,0.66,0.34,5.069183,0.9999012
615,-0.9415999999999992,0.1953837,0,0,0.19998191,0.3953656,0.0004998972,0.78,0.4,5.245034,0.9999095
620,-0.9832999999999993,0.2594628,0,0,0.19998993,0.45945275,0.0004998964,0.72,0.36,3.0210762,0.99994963
625,-1.024499999999999,0.14020558,0,0,0.19999133,0.3401969,0.00049989554,0.52,0.26,2.8293455,0.9999566
630,-1.024499999999999,0.09412564,0,0,0.19999795,0.2941236,0.0004998947,0.42,0.2,4.425559,0.99998975
635,-1.0259999999999991,0.38228494,0,0,0.1999923,0.58227724,0.0004998939,0.42,0.14,3.892344,0.9999615
640,-1.0680999999999992,0.26721066,0,0,0.19999559,0.46720624,0.00049989304,0.5,0.14,3.6220007,0.99997795
645,-1.0273999999999992,0.31103975,0,0,0.19999401,0.5110338,0.0004998922,0.66,0.22,6.057901,0.9999701
650,-1.0273999999999992,0.1473712,0,0,0.19999991,0.3473711,0.0004998914,0.86,0.3,6.9465923,0.9999995
655,-1.0273999999999992,0.42331904,0,0,0.19998972,0.6233088,0.00049989054,0.98,0.4,6.076084,0.99994856
660,-1.0681999999999992,0.23305592,0,0,0.19999515,0.43305105,0.0004998897,0.96,0.4,6.439103,0.9999757
665,-1.0681999999999992,0.17039205,0,0,0.19999957,0.3703916,0.0004998889,0.86,0.34,3.509107,0.99999785
670,-1.149999999999999,0.07806296,0,0,0.19999897,0.27806193,0.00049988803,0.72,0.24,7.8326554,0.9999949
675,-1.149999999999999,0.16663305,0,0,0.19999938,0.36663243,0.0004998872,0.58,0.16,7.3331394,0.9999969
680,-1.149999999999999,0.06636293,0,0,0.19999728,0.26636022,0.0004998864,0.44,0.04,5.962904,0.99998635
685,-1.109499999999999,0.07348771,0,0,0.19999817,0.27348587,0.00049988553,0.32,0.0,5.57495,0.9999908
690,-1.109499999999999,0.1122543,0,0,0.19999556,0.31224987,0.0004998847,0.32,0.0,6.154839,0.9999778
695,-1.109499999999999,0.10801896,0,0,0.19999792,0.30801687,0.0004998839,0.34,0.0,5.097127,0.99998957
700,-1.109499999999999,0.18662514,0,0,0.1999983,0.38662344,0.000499883,0.36,0.0,6.7732563,0.99999154
705,-1.026599999999999,0.18912043,0,0,0.19999634,0.38911676,0.0004998822,0.46,0.12,6.507276,0.99998164
710,-1.067099999999999,0.10735364,0,0,0.19999991,0.30735356,0.0004998814,0.6,0.22,8.486555,0.9999995
715,-1.067099999999999,0.36577022,0,0,0.1999996,0.5657698,0.0004998805,0.52,0.24,6.135179,0.999998
720,-1.067099999999999,0.052074075,0,0,0.19999902,0.2520731,0.0004998797,0.44,0.24,6.4760833,0.9999951
725,-1.0670999999999993,0.25652355,0,0,0.19999771,0.45652127,0.0004998789,0.44,0.24,6.0615726,0.9999885
730,-1.149999999999999,0.065944254,0,0,0.19999966,0.2659439,0.000499878,0.38,0.12,7.88099,0.9999983
735,-1.149999999999999,0.059014224,0,0,0.1999984,0.2590126,0.0004998772,0.3,0.04,6.854927,0.99999195
740,-0.9410999999999993,0.1452831,0,0,0.19999723,0.34528035,0.0004998764,0.38,0.1,6.61034,0.9999861
745,-0.9410999999999993,0.23177207,0,0,0.1999996,0.43177167,0.0004998755,0.38,0.1,9.176209,0.999998
750,-0.9410999999999993,0.106205605,0,0,0.19999683,0.30620244,0.0004998747,0.3,0.1,5.753835,0.99998415
755,-0.9410999999999993,0.21965872,0,0,0.1999938,0.41965252,0.0004998739,0.2,0.1,5.5772114,0.999969
760,-0.9410999999999993,0.16461667,0,0,0.19999985,0.3646165,0.000499873,0.24,0.16,9.86016,0.9999993
765,-1.1090999999999989,0.89108944,0,0,0.19999614,1.0910856,0.0004998722,0.34,0.18,4.949657,0.9999807
770,-1.1090999999999989,0.21521194,0,0,0.19999968,0.41521162,0.0004998714,0.54,0.3,7.2549496,0.99999833
775,-1.109099999999999,0.17947459,0,0,0.19999026,0.37946486,0.0004998705,0.66,0.3,6.1681643,0.99995124
780,-1.109099999999999,0.11517642,0,0,0.19997743,0.31515384,0.0004998697,0.66,0.3,3.9356966,0.9998871
785,-1.109099999999999,0.15319452,0,0,0.19998546,0.35318,0.0004998689,0.52,0.22,4.6034617,0.9999273
790,-1.149999999999999,0.0889024,0,0,0.19997746,0.28887987,0.000499868,0.36,0.12,5.021072,0.9998873
795,-1.1084999999999992,0.12844266,0,0,0.19999921,0.32844186,0.0004998672,0.36,0.12,6.5160136,0.99999607
800,-1.1084999999999992,0.17236558,0,0,0.19999897,0.37236455,0.0004998664,0.36,0.18,6.927574,0.9999949
805,-1.1084999999999992,0.030394906,0,0,0.19999994,0.23039486,0.0004998655,0.4,0.18,7.3861246,0.9999997
810,-1.1084999999999992,0.049816497,0,0,0.19998264,0.24979913,0.0004998647,0.52,0.22,5.413914,0.9999132
815,-1.1084999999999992,0.027240818,0,0,0.19999765,0.22723846,0.0004998639,0.62,0.26,6.8952866,0.9999882
820,-1.149999999999999,0.2288825,0,0,0.19999802,0.4288805,0.000499863,0.54,0.18,6.601443,0.9999901
825,-1.149999999999999,0.02677096,0,0,0.19999734,0.2267683,0.0004998622,0.58,0.14,5.816899,0.99998665
830,-1.1090999999999989,0.12844843,0,0,0.19999135,0.32843977,0.0004998614,0.7,0.2,4.74587,0.9999567
835,-1.068499999999999,0.25019068,0,0,0.1999985,0.45018917,0.0004998605,0.78,0.3,5.8840866,0.9999925
840,-1.068499999999999,0.059795182,0,0,0.1999845,0.2597797,0.0004998597,0.84,0.34,6.0316787,0.9999225
845,-1.0269999999999992,0.5535865,0,0,0.19999777,0.75358427,0.00049985887,0.82,0.4,6.6050453,0.9999888
850,-1.0269999999999992,0.36613065,0,0,0.19999951,0.56613016,0.000499858,0.66,0.38,8.6651745,0.99999756
855,-1.067899999999999,0.19581705,0,0,0.19999842,0.3958155,0.0004998572,0.5,0.32,6.2898116,0.99999213
860,-1.1084999999999992,0.06775035,0,0,0.19999447,0.26774484,0.00049985637,0.3,0.18,4.9037743,0.99997234
865,-1.1084999999999992,0.23871116,0,0,0.19999655,0.4387077,0.0004998555,0.26,0.18,5.71359,0.9999827
870,-1.149999999999999,0.23825619,0,0,0.19999914,0.4382553,0.0004998547,0.36,0.14,6.0498405,0.9999957
875,-1.149999999999999,0.03520471,0,0,0.19999562,0.23520033,0.00049985386,0.4,0.18,5.0571785,0.9999781
880,-1.109699999999999,0.070860736,0,0,0.19999962,0.27086034,0.000499853,0.4,0.18,5.063623,0.9999981
885,-1.109699999999999,0.17153983,0,0,0.19999984,0.37153965,0.0004998522,0.4,0.18,5.7361617,0.99999917
890,-1.1096999999999992,0.09905654,0,0,0.19999914,0.2990557,0.00049985136,0.32,0.12,7.9185934,0.99999565
895,-1.1096999999999992,0.06585419,0,0,0.1999989,0.2658531,0.0004998505,0.32,0.06,5.6393347,0.9999945
900,-0.858099999999999,0.58469665,0,0,0.19999875,0.7846954,0.0004998497,0.36,0.14,6.7390623,0.99999374
905,-0.7749999999999991,0.5336716,0,0,0.19999233,0.7336639,0.00049984886,0.4,0.18,4.312982,0.9999616
910,-0.7326999999999994,0.37288588,0,0,0.19999976,0.57288563,0.000499848,0.54,0.26,6.577613,0.9999988
915,-0.7326999999999997,0.12591691,0,0,0.19999592,0.32591283,0.00049984717,0.64,0.24,6.9053392,0.9999796
920,-0.7326999999999997,0.6422048,0,0,0.19999972,0.8422046,0.00049984636,0.58,0.28,5.8246865,0.99999857
925,-0.9425999999999993,0.67524064,0,0,0.19998883,0.8752295,0.0004998455,0.68,0.22,4.372166,0.9999441
930,-1.0659999999999992,0.34234846,0,0,0.19998853,0.542337,0.00049984467,0.64,0.18,5.106599,0.99994266
935,-1.108299999999999,0.27321902,0,0,0.19999908,0.47321808,0.00049984385,0.5,0.1,6.0057406,0.99999535
940,-1.0659999999999992,0.034041896,0,0,0.19999222,0.23403412,0.000499843,0.34,0.12,4.6224933,0.99996114
945,-0.939499999999999,0.185453,0,0,0.19999734,0.38545033,0.00049984216,0.32,0.14,5.0547915,0.99998665
950,-0.938899999999999,0.24847117,0,0,0.19999641,0.44846758,0.00049984135,0.32,0.2,5.520957,0.99998206
955,-0.9388999999999992,0.051094826,0,0,0.19999202,0.25108683,0.0004998405,0.52,0.26,6.6033745,0.99996006
960,-0.9388999999999994,0.1278263,0,0,0.19999889,0.3278252,0.00049983966,0.62,0.26,5.6130085,0.9999944
965,-0.9811999999999993,0.23155095,0,0,0.19999792,0.43154886,0.00049983885,0.62,0.24,4.7491546,0.99998957
970,-1.107699999999999,0.61050856,0,0,0.19999337,0.81050193,0.000499838,0.6,0.2,6.17335,0.99996686
975,-0.982599999999999,0.19354856,0,0,0.1999971,0.39354566,0.00049983716,0.62,0.22,6.5006733,0.99998546
980,-0.940299999999999,0.06924645,0,0,0.1999993,0.26924574,0.00049983634,0.44,0.18,6.079823,0.9999965
985,-0.9402999999999991,0.59068966,0,0,0.19999973,0.7906894,0.00049983547,0.34,0.18,5.585676,0.9999987
990,-0.9402999999999995,0.36087257,0,0,0.1999996,0.5608722,0.00049983466,0.34,0.18,6.396632,0.999998
995,-0.9402999999999992,0.08031328,0,0,0.19999762,0.2803109,0.00049983384,0.24,0.16,5.639636,0.9999881
1000,-1.065399999999999,0.2145122,0,0,0.1999997,0.41451192,0.00049983297,0.2,0.06,8.195286,0.9999985
1005,-1.107699999999999,0.45840886,0,0,0.19999968,0.6584085,0.00049983215,0.38,0.04,6.3571973,0.99999833
1010,-1.107699999999999,0.124415606,0,0,0.1999989,0.3244145,0.00049983134,0.56,0.1,6.4199796,0.9999945
1015,-1.0234999999999992,0.13255687,0,0,0.19999757,0.33255446,0.00049983046,0.72,0.14,5.454546,0.99998784
1020,-0.9390999999999993,0.037981544,0,0,0.1999998,0.23798133,0.00049982965,0.78,0.18,5.958655,0.9999989
1025,-0.9813999999999993,0.037251394,0,0,0.19999889,0.23725028,0.00049982884,0.62,0.14,8.005091,0.9999944
1030,-0.9398999999999994,0.6527581,0,0,0.19999745,0.85275555,0.00049982796,0.46,0.18,4.731573,0.99998724
1035,-0.8566999999999995,0.3266815,0,0,0.19999944,0.52668095,0.00049982715,0.32,0.14,7.300667,0.99999714
1040,-0.9408999999999992,0.103573464,0,0,0.19999221,0.30356568,0.00049982633,0.26,0.14,4.6624002,0.999961
1045,-1.0252999999999992,0.20332487,0,0,0.19999902,0.4033239,0.00049982546,0.26,0.12,6.2978044,0.9999951
1050,-1.0252999999999992,0.08340916,0,0,0.19999988,0.28340906,0.00049982464,0.26,0.12,5.6867676,0.9999994
1055,-1.0667999999999993,0.24424472,0,0,0.19999893,0.44424367,0.00049982383,0.22,0.08,5.1945047,0.99999464
1060,-1.149999999999999,0.04553678,0,0,0.19999917,0.24553594,0.00049982296,0.18,0.06,5.039686,0.9999958
1065,-1.065399999999999,0.4800846,0,0,0.19999899,0.6800836,0.00049982214,0.18,0.08,4.8437734,0.99999493
1070,-1.065399999999999,0.07827318,0,0,0.19999446,0.27826762,0.0004998213,0.32,0.1,5.4923563,0.9999723
1075,-1.065399999999999,0.12815827,0,0,0.19999288,0.32815117,0.00049982045,0.52,0.1,4.768001,0.99996436
1080,-0.896199999999999,0.06580208,0,0,0.19999592,0.265798,0.00049981964,0.7,0.2,4.0819993,0.9999796
1085,-0.6846999999999991,0.33569446,0,0,0.19999985,0.5356943,0.0004998188,0.78,0.3,4.5035844,0.9999993
1090,-0.7692999999999993,0.24733277,0,0,0.19999857,0.44733134,0.00049981795,0.66,0.24,6.0675163,0.99999285
1095,-0.7271999999999995,0.16176854,0,0,0.19999865,0.36176717,0.00049981714,0.5,0.26,7.1991982,0.9999932
1100,-0.7271999999999997,0.19548652,0,0,0.19999984,0.39548635,0.0004998163,0.5,0.34,7.016357,0.99999917
1105,-0.6850999999999994,0.52907497,0,0,0.19999772,0.7290727,0.00049981545,0.46,0.38,6.4145093,0.9999886
1110,-0.896599999999999,0.34396434,0,0,0.19999936,0.5439637,0.00049981463,0.38,0.28,5.94497,0.9999968
1115,-0.8965999999999993,0.14638236,0,0,0.19999987,0.34638223,0.0004998138,0.38,0.28,5.5953655,0.99999934
1120,-0.9386999999999993,0.19778861,0,0,0.19999747,0.39778608,0.000499813,0.34,0.22,6.138374,0.9999873
1125,-0.8963999999999993,0.25199553,0,0,0.19999807,0.45199358,0.00049981213,0.16,0.16,6.687669,0.99999034
1130,-0.8540999999999989,0.32916367,0,0,0.19999813,0.5291618,0.0004998113,0.18,0.16,6.1171403,0.9999906
1135,-0.5158999999999996,0.47159743,0,0,0.1999991,0.6715965,0.0004998105,0.36,0.34,6.5052824,0.99999547
1140,-0.3466999999999998,0.47245213,0,0,0.19999985,0.672452,0.0004998096,0.56,0.5,6.023482,0.9999993
1145,-0.2623000000000002,0.17303428,0,0,0.19999869,0.373033,0.0004998088,0.76,0.62,7.093939,0.99999344
1150,-0.30460000000000004,0.4270156,0,0,0.19999786,0.62701344,0.000499808,0.94,0.62,5.945152,0.9999893
1155,-0.5581999999999998,0.34955218,0,0,0.19999908,0.54955125,0.0004998071,0.98,0.52,6.063669,0.9999954
1160,-0.8117999999999994,0.4558596,0,0,0.1999989,0.6558585,0.0004998063,0.9,0.44,6.449745,0.9999945
1165,-0.9809999999999991,0.28680634,0,0,0.19999747,0.48680383,0.0004998055,0.7,0.28,4.7276754,0.99998736
1170,-0.980799999999999,0.23753473,0,0,0.1999985,0.43753323,0.0004998046,0.54,0.18,6.279211,0.9999925
1175,-0.6006999999999991,0.30293608,0,0,0.19999944,0.5029355,0.0004998038,0.54,0.36,2.942937,0.99999714
1180,-0.3899999999999998,0.66487175,0,0,0.19999377,0.86486554,0.000499803,0.46,0.4,3.8108716,0.9999689
1185,-0.4322999999999999,0.9786371,0,0,0.19999845,1.1786356,0.0004998021,0.36,0.3,5.042461,0.99999225
1190,-0.09410000000000007,0.8769404,0,0,0.19999771,1.0769382,0.0004998013,0.46,0.42,6.4800363,0.99998856
1195,-0.01060000000000007,0.53934884,0,0,0.19999956,0.7393484,0.0004998005,0.62,0.58,6.143518,0.99999774
1200,-0.09480000000000015,0.3529441,0,0,0.19999804,0.55294216,0.0004997996,0.54,0.5,5.582984,0.99999017
1205,0.11709999999999988,0.76895756,0,0,0.19999857,0.9689561,0.0004997988,0.44,0.44,4.640592,0.99999285
1210,0.41239999999999993,0.40848887,0,0,0.19999795,0.60848683,0.000499798,0.44,0.46,4.9850464,0.99998975
1215,0.2432,1.05306,0,0,0.19999759,1.2530576,0.0004997971,0.52,0.46,4.647883,0.99998796
1220,0.07510000000000003,0.6791446,0,0,0.19999154,0.87913615,0.0004997963,0.52,0.32,4.7527523,0.9999577
1225,-0.22080000000000005,0.61342406,0,0,0.19998404,0.81340814,0.0004997955,0.6,0.22,3.4841952,0.9999202
1230,-0.5184999999999998,0.64757186,0,0,0.19999948,0.8475714,0.0004997946,0.76,0.3,7.949864,0.9999974
1235,-0.8560999999999994,0.8576758,0,0,0.1999992,1.057675,0.0004997938,0.76,0.28,4.863749,0.99999595
1240,-1.0250999999999992,0.63649595,0,0,0.19998775,0.8364837,0.000499793,0.62,0.16,3.1485734,0.9999388
1245,-0.7718999999999993,0.35346204,0,0,0.199997,0.55345905,0.0004997921,0.48,0.18,5.035658,0.999985
1250,-0.6876999999999996,0.2890954,0,0,0.19999911,0.4890945,0.0004997913,0.48,0.3,7.4416695,0.9999955
1255,-0.8125999999999994,0.28182602,0,0,0.19998859,0.48181462,0.0004997905,0.48,0.2,5.9484763,0.99994296
1260,-0.8125999999999994,0.18949136,0,0,0.19999805,0.3894894,0.0004997896,0.56,0.2,6.6256757,0.9999902
1265,-0.7287999999999996,0.45114827,0,0,0.1999964,0.6511447,0.0004997888,0.52,0.22,5.2851486,0.999982
1270,-0.8973999999999991,0.21552637,0,0,0.19999819,0.41552454,0.000499788,0.46,0.16,4.432594,0.99999094
1275,-0.9815999999999991,0.6108829,0,0,0.19996803,0.8108509,0.0004997871,0.26,0.02,3.5164049,0.9998401
1280,-0.9815999999999991,0.3576366,0,0,0.19999887,0.5576355,0.0004997863,0.08,0.02,5.7463555,0.99999434
1285,-0.9815999999999993,0.1953828,0,0,0.19993101,0.3953138,0.00049978547,0.0,0.02,4.475705,0.999655
1290,-0.769599999999999,0.3742149,0,0,0.19999288,0.5742078,0.0004997846,0.08,0.06,6.476857,0.99996436
1295,-0.4313999999999992,0.40086955,0,0,0.19999495,0.6008645,0.0004997838,0.28,0.22,5.3582687,0.9999747
1300,-0.3469999999999998,0.5189817,0,0,0.19999464,0.7189763,0.00049978297,0.48,0.34,5.6085196,0.9999732
1305,-0.3470000000000001,0.6474998,0,0,0.19999479,0.8474946,0.0004997821,0.68,0.46,5.53838,0.9999739
1310,-0.3470000000000001,0.2722911,0,0,0.19998959,0.47228068,0.0004997813,0.88,0.46,5.462532,0.9999479
1315,-0.3891999999999999,0.3794586,0,0,0.19996957,0.5794282,0.00049978046,0.98,0.52,4.603166,0.9998479
1320,-0.7696999999999993,0.78011227,0,0,0.19999777,0.98011005,0.0004997796,0.78,0.36,5.726509,0.99998885
1325,-0.6852999999999994,0.5752393,0,0,0.1999994,0.7752387,0.0004997788,0.58,0.24,6.818529,0.999997
1330,-0.3047999999999999,0.6477648,0,0,0.19999461,0.8477594,0.00049977796,0.54,0.24,4.7535367,0.999973
1335,-0.05100000000000012,0.42692417,0,0,0.19999513,0.62691927,0.0004997771,0.54,0.44,4.809097,0.9999756
1340,0.11799999999999983,0.5037866,0,0,0.19997644,0.70376307,0.0004997763,0.52,0.46,3.3629808,0.9998822
1345,0.4139,0.29853636,0,0,0.19999039,0.49852675,0.00049977546,0.52,0.46,4.6790977,0.99995196
1350,0.6674999999999999,0.7105261,0,0,0.19999592,0.91052204,0.0004997746,0.52,0.46,5.636427,0.99997956
1355,0.7085999999999999,0.89130414,0,0,0.19998848,1.0912926,0.00049977377,0.36,0.34,4.897025,0.9999424
1360,0.8347,0.56623226,0,0,0.1999937,0.76622593,0.00049977296,0.16,0.14,6.491597,0.99996847
1365,0.8345000000000001,0.74632066,0,0,0.19999509,0.94631577,0.0004997721,0.0,0.0,6.4131284,0.99997544
1370,0.9189000000000004,0.763762,0,0,0.19997646,0.96373844,0.00049977127,0.0,0.0,6.5420327,0.9998823
1375,0.9187000000000005,0.70891964,0,0,0.1999727,0.90889233,0.00049977045,0.0,0.0,5.265649,0.9998635
1380,0.8770000000000004,0.6175753,0,0,0.19993734,0.81751263,0.0004997696,0.0,0.0,6.078731,0.9996867
1385,0.9193000000000002,0.38665065,0,0,0.19989844,0.5865491,0.00049976876,0.0,0.0,5.9707565,0.99949217
1390,0.9197000000000005,0.704661,0,0,0.1998395,0.9045005,0.00049976795,0.0,0.0,6.5879416,0.9991975
1395,0.9201000000000008,0.63975847,0,0,0.19997206,0.8397305,0.0004997671,0.0,0.0,6.315169,0.9998603
1400,0.9207000000000007,0.4712958,0,0,0.19978051,0.6710763,0.00049976626,0.0,0.0,5.7876225,0.99890256
1405,0.963800000000001,0.49615997,0,0,0.19966081,0.6958208,0.00049976545,0.0,0.0,5.922896,0.998304
1410,0.9642000000000008,0.76975936,0,0,0.19968668,0.96944606,0.0004997646,0.0,0.0,5.3295174,0.99843335
1415,0.9642000000000008,0.60010517,0,0,0.19983187,0.799937,0.00049976376,0.0,0.0,4.3302736,0.99915934
1420,0.9632000000000005,0.343168,0,0,0.19999556,0.54316354,0.00049976294,0.0,0.0,7.112337,0.9999778
1425,0.9632000000000006,0.2701598,0,0,0.19968258,0.46984237,0.00049976207,0.0,0.0,5.6452093,0.99841285
1430,0.9628000000000008,0.24437365,0,0,0.19981383,0.44418746,0.00049976126,0.0,0.0,5.6092987,0.9990691
1435,0.9626000000000008,0.07651686,0,0,0.19995469,0.27647156,0.00049976044,0.0,0.0,7.22603,0.99977344
1440,0.9624000000000008,0.17097263,0,0,0.19999777,0.3709704,0.00049975957,0.0,0.0,11.317333,0.9999888
1445,0.9630000000000006,0.018993894,0,0,0.19965139,0.21864529,0.00049975875,0.0,0.0,5.310752,0.9982569
1450,0.9624000000000005,0.15066226,0,0,0.19991527,0.35057753,0.00049975794,0.0,0.0,5.806002,0.9995764
1455,0.9628000000000005,0.16886286,0,0,0.19953568,0.36839855,0.00049975706,0.02,0.0,4.8327107,0.9976784
1460,0.9195000000000004,0.010214762,0,0,0.19993007,0.21014483,0.00049975625,0.02,0.0,6.7505007,0.99965036
1465,0.7912,0.29092404,0,0,0.19993535,0.4908594,0.00049975544,0.06,0.02,6.441566,0.9996767
1470,0.7907000000000001,0.06093546,0,0,0.19988967,0.26082513,0.00049975456,0.06,0.04,6.2061057,0.99944836
1475,0.7911000000000001,0.4815789,0,0,0.1998804,0.6814593,0.00049975375,0.08,0.04,6.779839,0.999402
1480,0.7905000000000001,0.45554867,0,0,0.19970202,0.65525067,0.0004997529,0.08,0.06,5.689474,0.9985101
1485,0.8338000000000002,0.13111505,0,0,0.19992642,0.33104146,0.00049975206,0.1,0.06,5.8789253,0.9996321
1490,0.9621000000000005,0.1585613,0,0,0.19998996,0.35855126,0.00049975124,0.1,0.04,8.214033,0.9999498
1495,0.9626000000000006,0.14573784,0,0,0.1999158,0.34565365,0.0004997504,0.12,0.02,7.2217793,0.99957895
1500,0.9624000000000005,1.7847736,0,0,0.19982827,1.9846019,0.00049974956,0.1,0.02,5.8221107,0.99914134
1505,0.9630000000000009,0.5353401,0,0,0.1997009,0.73504096,0.00049974874,0.1,0.0,6.5178666,0.9985045
1510,0.9634000000000009,0.7295444,0,0,0.19996949,0.9295139,0.00049974787,0.08,0.0,6.62021,0.9998474
1515,0.9632000000000006,0.34357342,0,0,0.1995455,0.54311895,0.00049974705,0.04,0.0,5.0486994,0.9977275
1520,0.9211000000000006,0.7866236,0,0,0.19996703,0.9865906,0.00049974624,0.02,0.0,6.3237,0.99983513
1525,0.9213000000000006,0.42708766,0,0,0.19937573,0.6264634,0.00049974537,0.02,0.0,3.1585574,0.9968786
1530,0.9209000000000006,0.06358243,0,0,0.19987653,0.26345897,0.0004997446,0.0,0.02,4.6110454,0.9993826
1535,0.9208000000000007,0.23830633,0,0,0.19994076,0.43824708,0.00049974374,0.0,0.02,5.087436,0.99970376
1540,0.9214000000000009,0.3644696,0,0,0.19989417,0.5643638,0.0004997429,0.0,0.02,6.13194,0.99947083
1545,0.9633000000000008,0.29496604,0,0,0.19997965,0.4949457,0.0004997421,0.0,0.02,7.3961735,0.9998982
1550,0.9631000000000007,0.40367946,0,0,0.1999378,0.60361725,0.00049974123,0.0,0.04,6.9770274,0.999689
1555,0.9631000000000007,0.35552236,0,0,0.19998299,0.55550534,0.0004997404,0.0,0.02,8.026751,0.9999149
1560,0.9630000000000006,0.53728545,0,0,0.19992934,0.7372148,0.0004997396,0.0,0.02,6.1871,0.9996467
1565,0.963000000000001,0.1040561,0,0,0.19978307,0.30383918,0.00049973873,0.0,0.02,5.162305,0.9989153
1570,0.9630000000000006,0.20170003,0,0,0.19956331,0.40126336,0.0004997379,0.0,0.02,5.1403255,0.99781656
1575,0.9629000000000006,0.15182185,0,0,0.19996922,0.35179108,0.0004997371,0.0,0.0,7.103893,0.9998461
1580,0.9633000000000009,0.016166786,0,0,0.1998112,0.215978,0.0004997362,0.0,0.0,4.633904,0.99905604
1585,0.9631000000000006,0.0275987,0,0,0.19995433,0.22755302,0.0004997354,0.0,0.02,7.1656384,0.99977165
1590,0.9623000000000005,0.029564459,0,0,0.19991368,0.22947814,0.0004997346,0.0,0.02,5.6678195,0.9995684
1595,0.9615000000000002,0.04927639,0,0,0.19989124,0.24916762,0.0004997337,0.0,0.04,6.1724935,0.99945617
1600,0.9612000000000003,0.03488812,0,0,0.19993323,0.23482135,0.0004997329,0.0,0.04,5.5671353,0.99966615
1605,0.9608000000000004,0.04873417,0,0,0.1998316,0.24856578,0.0004997321,0.0,0.04,4.905312,0.999158
1610,0.6228000000000005,0.8112159,0,0,0.19989236,1.0111083,0.0004997312,0.0,0.02,5.863975,0.99946177
1615,0.24170000000000016,1.0579109,0,0,0.19934992,1.2572608,0.0004997304,0.0,0.02,6.1515355,0.99674964
1620,-0.17989999999999998,2.0698392,0,0,0.19926575,2.269105,0.0004997296,0.0,0.0,5.9807887,0.9963287
1625,-0.2652,1.3692503,0,0,0.19878644,1.5680368,0.0004997287,0.0,0.0,5.636627,0.9939322
1630,-0.26519999999999977,1.0113611,0,0,0.19886546,1.2102265,0.0004997279,0.0,0.0,5.053693,0.9943273
1635,0.07340000000000005,1.7757906,0,0,0.19972442,1.975515,0.0004997271,0.0,0.0,5.567665,0.99862206
1640,0.4546999999999998,1.1560974,0,0,0.19882043,1.3549179,0.0004997262,0.0,0.0,4.7033715,0.9941021
1645,0.8754000000000004,1.3090603,0,0,0.19972308,1.5087835,0.0004997254,0.02,0.02,5.915542,0.9986154
1650,0.9611000000000004,0.88888794,0,0,0.19895892,1.0878469,0.0004997246,0.02,0.02,5.809767,0.99479455
1655,0.9615000000000008,0.68855786,0,0,0.19994383,0.8885017,0.0004997237,0.02,0.02,5.6938124,0.99971914
1660,0.9615000000000009,1.1725968,0,0,0.19919161,1.3717884,0.0004997229,0.02,0.02,4.4388757,0.9959581
1665,0.9615000000000008,1.1580442,0,0,0.19957311,1.3576174,0.0004997221,0.02,0.04,5.150752,0.99786556
1670,0.9636000000000009,0.60877395,0,0,0.19966413,0.80843806,0.0004997212,0.0,0.02,4.923026,0.99832064
1675,0.9636000000000007,0.50638455,0,0,0.19943236,0.7058169,0.0004997204,0.0,0.02,4.3722224,0.9971618
1680,0.9626000000000005,0.82339996,0,0,0.19954102,1.022941,0.0004997196,0.0,0.04,4.5925336,0.9977051
1685,0.9626000000000008,0.7654189,0,0,0.19943655,0.96485543,0.0004997187,0.0,0.04,4.6288743,0.9971827
1690,0.9626000000000006,1.2542298,0,0,0.19982591,1.4540557,0.0004997179,0.0,0.04,6.1891294,0.99912953
1695,0.9622000000000004,0.46031034,0,0,0.19941567,0.659726,0.0004997171,0.0,0.06,3.9166868,0.9970783
1700,0.9624000000000005,0.8614663,0,0,0.19926587,1.0607321,0.0004997162,0.0,0.06,4.759045,0.9963293
1705,0.9628000000000004,0.46211883,0,0,0.19956808,0.6616869,0.0004997154,0.0,0.04,5.4388437,0.9978404
1710,0.9622000000000006,0.5740018,0,0,0.19920981,0.7732116,0.0004997146,0.0,0.06,4.7512126,0.99604905
1715,0.9628000000000008,0.3562526,0,0,0.19975492,0.5560075,0.0004997137,0.0,0.04,5.1783485,0.9987746
1720,0.9630000000000009,0.087979674,0,0,0.19966672,0.2876464,0.0004997129,0.0,0.02,4.822773,0.9983336
1725,0.9632000000000008,0.120780036,0,0,0.19997959,0.32075962,0.00049971207,0.0,0.02,6.1347394,0.9998979
1730,0.9634000000000007,0.053347666,0,0,0.19989151,0.25323918,0.0004997112,0.0,0.02,5.3650093,0.99945754
1735,0.9638000000000008,0.06091014,0,0,0.1999081,0.26081824,0.0004997104,0.0,0.02,6.356168,0.99954045
1740,0.9626000000000006,0.09376083,0,0,0.19989899,0.2936598,0.00049970957,0.0,0.06,6.5174637,0.9994949
1745,0.9626000000000008,0.05259419,0,0,0.19984029,0.2524345,0.0004997087,0.0,0.08,6.154391,0.9992014
1750,0.9616000000000006,0.07329943,0,0,0.19960961,0.27290905,0.0004997079,0.0,0.1,4.504956,0.998048
1755,0.9616000000000006,0.04165638,0,0,0.19984739,0.24150376,0.00049970706,0.0,0.1,5.9531403,0.99923694
1760,0.9614000000000006,0.022730824,0,0,0.199879,0.22260983,0.0004997062,0.0,0.1,5.752635,0.999395
1765,0.9624000000000007,0.15516557,0,0,0.19994403,0.3551096,0.0004997054,0.0,0.06,6.8385615,0.99972016
1770,0.9203000000000009,0.015844546,0,0,0.1998212,0.21566576,0.00049970456,0.0,0.06,5.289948,0.999106
1775,0.9209000000000006,0.043289132,0,0,0.19998372,0.24327284,0.0004997037,0.0,0.06,7.967248,0.9999186
1780,0.9205000000000002,0.19745399,0,0,0.19979519,0.39724916,0.0004997029,0.0,0.08,5.685575,0.99897593
1785,0.9201000000000001,0.0072094845,0,0,0.19980516,0.20701464,0.00049970206,0.0,0.08,5.870789,0.99902576
1790,0.9189000000000002,0.08696565,0,0,0.19996774,0.2869334,0.0004997012,0.0,0.12,6.8375616,0.9998387
1795,0.9606000000000005,0.027193516,0,0,0.19997184,0.22716536,0.00049970037,0.0,0.1,6.6672297,0.9998592
1800,0.9604000000000006,1.3067036,0,0,0.19992554,1.5066291,0.00049969956,0.0,0.12,7.1718264,0.9996277
1805,0.9608000000000007,0.5089292,0,0,0.19995385,0.70888305,0.0004996987,0.0,0.1,4.7316136,0.9997693
1810,0.9614000000000008,0.1612231,0,0,0.19995597,0.36117905,0.00049969787,0.0,0.08,6.0438504,0.9997798
1815,0.8359000000000009,0.06276087,0,0,0.199905,0.26266587,0.000499697,0.0,0.06,4.070681,0.99952495
1820,0.4550000000000004,0.84512603,0,0,0.19999027,1.0451163,0.0004996962,0.0,0.22,5.917486,0.99995136
1825,0.15400000000000014,1.4773645,0,0,0.19998188,1.6773465,0.00049969536,0.02,0.36,7.513939,0.9999094
1830,-0.057100000000000116,1.5509493,0,0,0.19985175,1.7508011,0.0004996945,0.02,0.42,3.701911,0.99925876
1835,-0.09980000000000004,1.1086671,0,0,0.19991729,1.3085845,0.0004996937,0.02,0.42,4.7008877,0.9995864
1840,-0.23009999999999997,1.2509767,0,0,0.19993654,1.4509132,0.00049969286,0.02,0.46,3.6475713,0.99968266
1845,0.10729999999999995,0.92653173,0,0,0.19998662,1.1265184,0.000499692,0.02,0.3,6.616019,0.99993306
1850,0.3666,1.3504006,0,0,0.19947536,1.549876,0.0004996912,0.0,0.12,4.5285487,0.9973768
1855,0.5341999999999998,1.3478802,0,0,0.19998105,1.5478613,0.00049969036,0.0,0.1,7.4004555,0.9999052
1860,0.5758999999999999,1.0728855,0,0,0.19989307,1.2727786,0.00049968954,0.0,0.28,5.1923428,0.99946535
1865,0.7904000000000002,1.4978843,0,0,0.19951482,1.6973991,0.00049968873,0.04,0.38,3.650828,0.9975741
1870,0.7906000000000002,1.6219342,0,0,0.19977716,1.8217113,0.00049968786,0.08,0.48,4.4668927,0.99888575
1875,0.8323000000000005,1.7438569,0,0,0.19991112,1.943768,0.00049968704,0.1,0.58,5.577935,0.9995556
1880,0.8756000000000005,0.690551,0,0,0.19951479,0.8900658,0.0004996862,0.1,0.68,3.7618108,0.9975739
1885,0.8768000000000007,1.102688,0,0,0.19983485,1.3025228,0.00049968535,0.2,0.7,3.2074165,0.99917424
1890,0.9191000000000008,1.2306587,0,0,0.19922112,1.4298798,0.00049968454,0.3,0.74,1.5643965,0.99610555
1895,0.9626000000000008,1.7865994,0,0,0.19984117,1.9864405,0.0004996837,0.3,0.84,4.5333924,0.9992058
1900,0.9634000000000009,1.1368711,0,0,0.19936259,1.3362337,0.00049968285,0.28,0.94,3.7512927,0.99681294
1905,0.9632000000000008,2.3940742,0,0,0.19970901,2.5937831,0.00049968204,0.28,0.96,4.0268106,0.99854505
1910,0.9630000000000006,0.54415953,0,0,0.19989948,0.744059,0.0004996812,0.2,0.96,4.3535376,0.99949735
1915,0.9630000000000009,0.87967265,0,0,0.1999107,1.0795834,0.00049968035,0.08,0.96,4.368906,0.9995535
1920,0.9632000000000008,0.7945473,0,0,0.1999849,0.9945322,0.00049967953,0.04,0.94,6.5403805,0.9999245
1925,0.9628000000000008,0.61413795,0,0,0.19984911,0.8139871,0.0004996787,0.08,0.94,4.5341763,0.9992455
1930,0.9634000000000007,0.50993156,0,0,0.1999783,0.70990986,0.00049967784,0.26,0.98,6.100695,0.9998915
1935,0.9209000000000006,0.35082075,0,0,0.19996637,0.5507871,0.00049967703,0.42,0.98,5.7001953,0.99983186
1940,0.9209000000000006,1.2417581,0,0,0.19995458,1.4417127,0.0004996762,0.44,0.98,5.5157976,0.9997729
1945,0.9211000000000007,0.2615868,0,0,0.19997649,0.4615633,0.00049967534,0.62,1.0,6.081698,0.99988246
1950,0.9203000000000007,0.6160322,0,0,0.1999566,0.8159888,0.0004996745,0.76,0.98,5.0621395,0.999783
1955,0.9203000000000006,0.71469575,0,0,0.19998367,0.9146794,0.0004996737,0.64,0.84,6.46692,0.99991834
1960,0.9624000000000007,0.35295308,0,0,0.19999123,0.5529443,0.00049967284,0.46,0.64,7.15811,0.99995613
1965,0.9618000000000007,0.47975385,0,0,0.19998871,0.6797426,0.000499672,0.44,0.46,6.828385,0.99994355
1970,0.9616000000000006,0.10597134,0,0,0.1999497,0.30592102,0.0004996712,0.28,0.28,5.4821825,0.99974847
1975,0.9622000000000006,0.14564092,0,0,0.19999364,0.34563458,0.00049967034,0.12,0.12,7.0906425,0.9999682
1980,0.9618000000000007,0.47690228,0,0,0.19998209,0.67688435,0.0004996695,0.06,0.06,6.328894,0.9999105
1985,0.9616000000000006,0.15811816,0,0,0.19992535,0.3580435,0.0004996687,0.06,0.06,5.361,0.99962676
1990,0.9618000000000007,0.3112983,0,0,0.19986033,0.51115865,0.00049966783,0.04,0.04,4.5265846,0.9993017
1995,0.9612000000000003,0.18273503,0,0,0.19996397,0.382699,0.000499667,0.02,0.08,4.972275,0.9998199
2000,0.9614000000000005,0.24564293,0,0,0.19997735,0.4456203,0.0004996662,0.08,0.24,6.4723,0.99988675
2005,0.9620000000000009,0.07981332,0,0,0.19998594,0.27979925,0.00049966533,0.18,0.44,6.4003544,0.99992967
2010,0.962800000000001,0.17071441,0,0,0.19997166,0.37068605,0.0004996645,0.36,0.64,5.88242,0.99985826
2015,0.9632000000000009,0.050397594,0,0,0.19987336,0.25027096,0.0004996637,0.56,0.84,4.2561746,0.99936676
2020,0.9638000000000007,0.039905667,0,0,0.19998887,0.23989454,0.0004996628,0.74,0.98,7.134812,0.9999443
2025,0.9636000000000007,0.20000762,0,0,0.19996262,0.39997023,0.000499662,0.86,1.0,6.0906515,0.9998131
2030,0.8765000000000004,0.16505729,0,0,0.19994926,0.36500657,0.0004996612,0.96,0.96,5.427464,0.9997463
2035,0.8300000000000003,0.55066127,0,0,0.19999388,0.7506552,0.0004996603,0.96,0.92,7.44289,0.99996936
2040,0.8302000000000004,0.2558779,0,0,0.1999836,0.4558615,0.0004996595,0.92,0.9,6.207642,0.999918
2045,0.7452000000000001,0.10741505,0,0,0.19996886,0.3073839,0.0004996587,0.94,0.86,5.77654,0.9998443
2050,0.7454000000000002,0.21795925,0,0,0.1999747,0.41793394,0.0004996578,0.94,0.86,5.766833,0.9998735
2055,0.8319000000000003,0.34100604,0,0,0.19995609,0.5409621,0.000499657,0.88,0.9,4.294293,0.9997804
2060,0.8772000000000003,0.35930336,0,0,0.19991605,0.5592194,0.0004996562,0.7,0.74,3.804775,0.99958026
2065,0.8768000000000004,0.3343845,0,0,0.1999526,0.5343371,0.0004996553,0.54,0.58,5.29238,0.999763
2070,0.9595999999999998,0.37371105,0,0,0.19996884,0.5736799,0.0004996545,0.36,0.6,6.229764,0.9998442
2075,0.9563999999999997,0.38958764,0,0,0.19996224,0.5895499,0.0004996537,0.2,0.6,5.454017,0.9998112
2080,0.9553999999999995,0.17385371,0,0,0.19992118,0.3737749,0.0004996528,0.06,0.6,5.175317,0.99960583
2085,0.955,0.613485,0,0,0.19991238,0.81339735,0.000499652,0.06,0.8,5.0766764,0.9995619
2090,0.9548000000000004,0.39534783,0,0,0.19995527,0.5953031,0.0004996512,0.06,0.9,6.1108947,0.99977636
2095,0.9564000000000005,0.41909376,0,0,0.19997752,0.61907125,0.0004996503,0.04,0.8,6.0125756,0.9998876
2100,0.9596000000000005,0.40567374,0,0,0.19992633,0.60560006,0.0004996495,0.0,0.78,5.4278703,0.99963164
2105,0.9603000000000006,0.35171783,0,0,0.19991873,0.5516366,0.0004996487,0.02,0.62,4.234374,0.9995937
2110,0.9615000000000006,0.56815314,0,0,0.19995628,0.76810944,0.0004996478,0.02,0.42,3.9748669,0.99978137
2115,0.9196000000000006,0.21850714,0,0,0.19996417,0.4184713,0.000499647,0.04,0.32,5.2816343,0.9998208
2120,0.8765000000000005,0.46489087,0,0,0.19993228,0.6648232,0.0004996462,0.06,0.3,3.7152448,0.9996614
2125,0.7496000000000004,1.1099546,0,0,0.19998817,1.3099427,0.00049964536,0.06,0.2,6.0264864,0.9999409
2130,0.7476999999999998,0.47336578,0,0,0.19996646,0.6733322,0.0004996445,0.18,0.36,5.13769,0.9998323
2135,0.7464999999999996,0.22677547,0,0,0.19998462,0.42676008,0.0004996437,0.26,0.52,6.664237,0.9999231
2140,0.7884,0.71454066,0,0,0.19999702,0.91453767,0.00049964286,0.24,0.5,7.6517076,0.9999851
2145,0.8321000000000002,0.50564456,0,0,0.19999631,0.70564085,0.000499642,0.22,0.44,7.9391084,0.9999815
2150,0.9588000000000005,0.60734564,0,0,0.19996569,0.8073113,0.0004996412,0.22,0.36,4.94013,0.9998284
2155,0.9606000000000003,0.08848128,0,0,0.19997199,0.28845328,0.00049964036,0.08,0.16,6.1332016,0.9998599
2160,0.9620000000000006,0.36137405,0,0,0.1999965,0.56137055,0.0004996395,0.0,0.02,7.405148,0.9999825
2165,0.8754000000000006,0.48535967,0,0,0.19997752,0.6853372,0.00049963867,0.0,0.06,6.3788586,0.9998876
2170,0.5771000000000002,0.9943428,0,0,0.19997284,1.1943157,0.00049963786,0.0,0.08,6.480969,0.99986416
2175,0.23730000000000015,1.0066276,0,0,0.1999958,1.2066233,0.000499637,0.02,0.14,8.32813,0.999979
2180,-0.058000000000000045,1.1174891,0,0,0.19995181,1.3174409,0.00049963617,0.02,0.16,5.4051137,0.9997591
2185,-0.05900000000000006,1.2251501,0,0,0.19994734,1.4250975,0.00049963535,0.02,0.16,6.4259944,0.99973667
2190,0.02799999999999998,1.1792905,0,0,0.19998492,1.3792754,0.0004996345,0.02,0.12,8.129269,0.9999246
2195,0.32609999999999995,0.7574224,0,0,0.19997638,0.9573988,0.00049963366,0.02,0.1,6.898233,0.9998819
2200,0.6642999999999997,0.8824169,0,0,0.19995107,1.082368,0.00049963285,0.02,0.14,5.0701284,0.9997553
2205,0.9606000000000003,0.78008556,0,0,0.19997874,0.9800643,0.000499632,0.02,0.12,5.7741613,0.99989367
2210,0.9610000000000005,0.43552852,0,0,0.19996521,0.63549376,0.00049963116,0.02,0.1,5.9646645,0.999826
2215,0.9602000000000005,0.8894799,0,0,0.19996253,1.0894424,0.00049963035,0.06,0.14,7.5803356,0.9998126
2220,0.9584000000000005,0.44026142,0,0,0.19994436,0.6402058,0.0004996295,0.06,0.24,4.325759,0.9997218
2225,0.9566000000000001,0.57522464,0,0,0.19998495,0.7752096,0.00049962866,0.06,0.34,5.5467033,0.9999248
2230,0.9540000000000005,1.1964904,0,0,0.19997,1.3964604,0.00049962784,0.06,0.44,5.2547073,0.99985003
2235,0.9546000000000009,0.79567486,0,0,0.19994064,0.9956155,0.00049962697,0.06,0.44,5.4929056,0.99970317
2240,0.9546000000000008,0.822031,0,0,0.1997478,1.0217788,0.00049962616,0.02,0.48,5.0809894,0.998739
2245,0.9546000000000003,1.1202707,0,0,0.19976607,1.3200368,0.00049962534,0.02,0.48,3.7773426,0.9988303
2250,0.9574000000000004,0.5763279,0,0,0.1998846,0.7762125,0.00049962447,0.0,0.3,3.2742617,0.99942297
2255,0.9562000000000002,0.78336835,0,0,0.19997652,0.98334485,0.00049962365,0.02,0.36,5.9532776,0.9998826
2260,0.9521999999999999,0.72132945,0,0,0.19999063,0.9213201,0.00049962284,0.18,0.54,7.7060747,0.99995315
2265,0.9490000000000002,1.1176783,0,0,0.19978784,1.3174661,0.00049962196,0.36,0.66,3.8307104,0.99893916
2270,0.9470000000000002,0.6461852,0,0,0.19987476,0.84606,0.00049962115,0.4,0.76,4.554753,0.9993738
2275,0.9432,0.68394196,0,0,0.19995026,0.88389224,0.00049962034,0.4,0.92,5.50141,0.99975127
2280,0.9444000000000004,0.11001304,0,0,0.19994222,0.30995524,0.00049961946,0.4,0.86,4.915012,0.99971104
2285,0.9482000000000008,0.112593904,0,0,0.1999324,0.3125263,0.00049961865,0.24,0.68,5.2346053,0.999662
2290,0.9490000000000006,0.12603751,0,0,0.19999407,0.32603157,0.00049961783,0.08,0.62,7.368401,0.9999703
2295,0.9486000000000003,0.19359568,0,0,0.19998792,0.3935836,0.00049961696,0.04,0.6,5.8993864,0.99993956
2300,0.9528000000000008,0.06923474,0,0,0.19996797,0.2692027,0.00049961614,0.06,0.44,6.2973514,0.9998398
2305,0.8692000000000007,0.46412802,0,0,0.19989994,0.6640279,0.00049961533,0.06,0.38,4.99823,0.9994997
2310,0.5715000000000003,0.7449933,0,0,0.19998406,0.9449774,0.00049961446,0.08,0.42,6.716867,0.99992025
2315,0.15210000000000015,0.87052417,0,0,0.19996631,1.0704905,0.00049961364,0.06,0.28,6.530203,0.99983156
2320,-0.22500000000000014,1.705538,0,0,0.1999334,1.9054714,0.0004996128,0.08,0.1,6.601268,0.9996669
2325,-0.3510999999999998,1.3290551,0,0,0.1997808,1.5288359,0.00049961195,0.06,0.08,4.5325427,0.998904
2330,-0.27029999999999965,0.5532952,0,0,0.19991069,0.7532059,0.00049961114,0.24,0.24,4.4343605,0.99955344
2335,0.022000000000000276,0.7350313,0,0,0.19992472,0.934956,0.0004996103,0.4,0.38,6.124567,0.9996236
2340,0.44079999999999997,0.7973002,0,0,0.19994223,0.99724245,0.00049960945,0.6,0.58,6.98678,0.99971116
2345,0.8183000000000001,0.6861037,0,0,0.19998018,0.8860839,0.00049960864,0.78,0.78,5.6607156,0.99990094
2350,0.9400000000000002,0.7401288,0,0,0.19989018,0.940019,0.0004996078,0.98,0.98,5.9325466,0.99945086
2355,0.9412000000000001,0.7049856,0,0,0.19999492,0.90498054,0.00049960695,0.98,0.98,7.56114,0.9999746
2360,0.9422000000000001,0.6125182,0,0,0.19996698,0.81248516,0.00049960613,1.0,1.0,5.4336004,0.9998349
2365,0.9416,0.5365666,0,0,0.19791017,0.7344768,0.0004996053,1.0,1.0,3.8528707,0.9895509
2370,0.9412,0.6891737,0,0,0.19970682,0.8888805,0.0004996045,1.0,1.0,4.5319805,0.9985341
2375,0.9416000000000001,0.4838923,0,0,0.19982672,0.68371904,0.00049960363,1.0,1.0,5.0732927,0.9991336
2380,0.9412000000000004,0.31909683,0,0,0.1999855,0.5190823,0.0004996028,1.0,1.0,6.9344034,0.9999275
2385,0.9412000000000004,0.34794533,0,0,0.19989258,0.5478379,0.000499602,1.0,1.0,5.701584,0.9994629
2390,0.9408000000000004,0.15365411,0,0,0.19960757,0.35326168,0.0004996011,0.98,0.98,4.0343328,0.9980378
2395,0.9446000000000006,0.22284117,0,0,0.19886628,0.42170745,0.0004996003,0.98,0.98,4.5061684,0.99433136
2400,0.9478000000000008,0.15840401,0,0,0.19987178,0.35827577,0.0004995995,0.98,0.98,6.7665095,0.9993589
2405,0.9464000000000002,0.020621674,0,0,0.19995187,0.22057354,0.0004995986,0.98,0.98,5.5608964,0.9997593
2410,0.9472,0.043904305,0,0,0.19998813,0.24389243,0.0004995978,0.98,0.98,6.931837,0.99994063
2415,0.9480000000000001,0.21400598,0,0,0.19994004,0.41394603,0.000499597,1.0,1.0,5.2790413,0.9997002
2420,0.9448000000000001,0.044868894,0,0,0.19996071,0.2448296,0.0004995961,1.0,1.0,5.622541,0.99980354
2425,0.9418000000000001,0.0064446726,0,0,0.19997935,0.20642403,0.0004995953,1.0,1.0,6.357472,0.99989676
2430,0.9430000000000003,0.13566211,0,0,0.19994871,0.3356108,0.0004995945,1.0,1.0,5.5852323,0.9997436
2435,0.9420000000000003,0.04229714,0,0,0.19998741,0.24228455,0.0004995936,1.0,1.0,6.621372,0.99993706
2440,0.9404,0.12092413,0,0,0.19975257,0.32067668,0.0004995928,1.0,1.0,4.5237174,0.99876285
2445,0.9406000000000002,0.20750466,0,0,0.19998819,0.40749285,0.000499592,1.0,1.0,6.517141,0.99994093
2450,0.9406000000000002,0.014860036,0,0,0.19979233,0.21465236,0.0004995911,1.0,1.0,4.2430696,0.9989616
2455,0.9396000000000002,0.099246144,0,0,0.19996996,0.2992161,0.0004995903,1.0,1.0,5.5379257,0.9998498
2460,0.9406,0.08578038,0,0,0.19999036,0.28577074,0.0004995895,1.0,1.0,5.78058,0.9999518
2465,0.8159000000000003,0.22853912,0,0,0.19995248,0.4284916,0.0004995886,1.0,1.0,5.2055817,0.9997624
2470,0.47950000000000037,1.2060115,0,0,0.19994803,1.4059596,0.0004995878,1.0,1.0,5.5742908,0.9997401
2475,0.39490000000000025,0.77799606,0,0,0.19995038,0.97794646,0.000499587,0.98,0.98,6.0160837,0.9997519
2480,0.3949000000000001,1.0153055,0,0,0.19998573,1.2152913,0.0004995861,0.98,0.98,5.967822,0.9999286
2485,0.3945000000000002,0.7342298,0,0,0.1999911,0.9342209,0.0004995853,0.98,0.98,6.4183717,0.99995553
2490,0.35320000000000007,0.8089559,0,0,0.19993158,1.0088875,0.0004995845,0.98,0.98,5.0566745,0.99965787
2495,0.5212000000000002,1.1465158,0,0,0.19996963,1.3464855,0.0004995836,0.98,0.98,4.8145566,0.9998481
2500,0.6087000000000002,1.0594833,0,0,0.19996981,1.259453,0.0004995828,0.98,0.82,5.6841736,0.9998491
2505,0.6136999999999999,0.9904947,0,0,0.19997294,1.1904677,0.000499582,0.96,0.62,6.330899,0.9998647
2510,0.6168999999999998,0.6148108,0,0,0.19997211,0.8147829,0.0004995811,0.94,0.46,4.9114237,0.9998605
2515,0.7868,1.5390722,0,0,0.19992164,1.7389938,0.0004995803,0.92,0.28,3.4898622,0.99960816
2520,0.9572000000000004,0.6987576,0,0,0.19988473,0.8986423,0.0004995795,0.92,0.1,3.9197862,0.9994236
2525,0.9583000000000004,0.96826476,0,0,0.19995837,1.1682231,0.0004995786,0.94,0.1,4.657325,0.99979186
2530,0.9591000000000007,0.7165198,0,0,0.19996606,0.91648585,0.0004995778,0.96,0.1,5.9810715,0.99983025
2535,0.9589000000000005,0.4366023,0,0,0.19999205,0.63659436,0.00049957697,0.98,0.08,7.0675898,0.99996024
2540,0.9604000000000006,0.85136753,0,0,0.19995087,1.0513184,0.0004995761,0.96,0.08,4.6314893,0.99975437
2545,0.9622000000000007,0.7380713,0,0,0.19996409,0.9380354,0.0004995753,0.96,0.06,6.2235565,0.9998204
2550,0.9199000000000005,0.4912277,0,0,0.19998656,0.69121426,0.00049957447,0.96,0.04,5.859542,0.99993277
2555,0.9195000000000008,0.33060616,0,0,0.19997941,0.5305856,0.0004995736,0.96,0.06,6.9245405,0.99989706
2560,0.9201000000000004,0.69496405,0,0,0.19995669,0.8949207,0.0004995728,0.96,0.04,5.6310015,0.9997834
2565,0.9197000000000005,0.41806483,0,0,0.19998515,0.61805,0.00049957196,1.0,0.02,7.2052774,0.99992573
2570,0.8327000000000004,0.25520706,0,0,0.19997199,0.45517904,0.0004995711,0.96,0.02,4.648403,0.9998599
2575,0.8323000000000002,0.61721516,0,0,0.19995262,0.81716776,0.0004995703,0.9,0.02,5.2641997,0.9997631
2580,0.6212000000000001,0.65242994,0,0,0.19988428,0.85231423,0.00049956946,0.7,0.0,4.93935,0.99942136
2585,0.2405000000000001,1.6914248,0,0,0.19995013,1.891375,0.00049956865,0.5,0.0,6.146517,0.9997506
2590,-0.09910000000000009,1.3982823,0,0,0.19991897,1.5982013,0.0004995678,0.32,0.02,6.08342,0.9995948
2595,-0.012100000000000118,1.1024735,0,0,0.19996443,1.3024379,0.00049956696,0.36,0.02,8.326159,0.99982214
2600,0.03059999999999995,0.8797468,0,0,0.1998385,1.0795853,0.00049956614,0.42,0.18,5.579763,0.9991925
2605,0.24149999999999988,1.025962,0,0,0.19995359,1.2259156,0.00049956527,0.62,0.22,5.1276593,0.9997679
2610,0.6215999999999998,1.0916986,0,0,0.19998549,1.2916842,0.00049956446,0.82,0.22,7.265801,0.9999274
2615,0.9616000000000006,0.9630797,0,0,0.19991997,1.1629996,0.00049956364,1.0,0.2,5.8850284,0.9995998
2620,0.9193000000000007,0.88411087,0,0,0.19998603,1.0840969,0.00049956277,1.0,0.2,5.671995,0.9999301
2625,0.9179000000000006,0.94400907,0,0,0.199805,1.1438141,0.00049956195,1.0,0.04,4.692021,0.99902505
2630,0.9183000000000007,0.6503231,0,0,0.19874215,0.84906524,0.00049956114,1.0,0.0,4.854016,0.99371076
2635,0.9191000000000007,0.8739955,0,0,0.19991143,1.0739069,0.00049956026,1.0,0.0,5.135163,0.99955714
2640,0.9197000000000009,0.8960624,0,0,0.1998781,1.0959405,0.00049955945,1.0,0.0,3.8026223,0.9993905
2645,0.9618000000000008,1.2471509,0,0,0.19995843,1.4471093,0.00049955864,1.0,0.0,7.8127193,0.9997921
2650,0.9209000000000009,0.7959211,0,0,0.199775,0.99569607,0.00049955776,1.0,0.0,6.024761,0.99887496
2655,0.9209000000000009,0.746106,0,0,0.19998913,0.94609517,0.00049955695,0.98,0.0,7.472843,0.9999456
2660,0.9215000000000008,0.674888,0,0,0.19998805,0.8748761,0.00049955613,0.98,0.0,6.0990496,0.9999402
2665,0.8788000000000007,1.1302072,0,0,0.19996746,1.3301747,0.00049955526,0.96,0.0,4.5395026,0.9998373
2670,0.8365000000000005,0.54684436,0,0,0.19996114,0.7468055,0.00049955444,0.96,0.02,5.402999,0.9998057
2675,0.8786000000000004,1.1879519,0,0,0.19997106,1.387923,0.00049955363,0.96,0.02,6.8204923,0.9998553
2680,0.8786000000000006,0.7596805,0,0,0.19996803,0.95964855,0.00049955276,0.98,0.02,6.219479,0.99984014
2685,0.8776000000000004,0.7317459,0,0,0.19903931,0.9307852,0.00049955194,0.98,0.02,4.666,0.9951965
2690,0.9201000000000006,0.4230448,0,0,0.19997738,0.6230222,0.0004995511,1.0,0.02,6.188317,0.9998869
2695,0.9622000000000007,0.21864468,0,0,0.19714749,0.41579217,0.00049955025,1.0,0.08,4.8866796,0.98573744
2700,0.9624000000000004,0.43353918,0,0,0.19996527,0.63350445,0.00049954944,1.0,0.28,6.614507,0.9998263
2705,0.9620000000000004,0.32764512,0,0,0.19996716,0.52761227,0.0004995486,1.0,0.46,6.7682695,0.9998358
2710,0.9624000000000005,0.44339564,0,0,0.19991484,0.6433105,0.00049954775,1.0,0.62,6.65865,0.9995742
2715,0.9626000000000009,0.47786427,0,0,0.19964083,0.6775051,0.00049954694,1.0,0.82,5.386418,0.9982041
2720,0.9628000000000009,0.26808575,0,0,0.19998053,0.46806628,0.0004995461,1.0,0.94,5.5904455,0.9999026
2725,0.9632000000000008,0.2940222,0,0,0.19995885,0.49398106,0.00049954525,1.0,0.94,5.722281,0.99979424
2730,0.9632000000000006,0.19082175,0,0,0.19999252,0.39081427,0.00049954443,1.0,0.96,6.7712793,0.9999626
2735,0.9634000000000005,0.16591215,0,0,0.19997609,0.36588824,0.0004995436,1.0,1.0,4.851719,0.99988043
2740,0.9634000000000007,0.042667627,0,0,0.19999711,0.24266474,0.00049954274,1.0,1.0,8.235835,0.9999856
2745,0.9213000000000008,0.34073007,0,0,0.1999444,0.54067445,0.00049954193,1.0,0.98,5.923118,0.999722
2750,0.6671000000000005,0.7363163,0,0,0.199984,0.93630034,0.0004995411,1.0,0.98,5.9833364,0.99992
2755,0.45620000000000016,0.35847282,0,0,0.19998114,0.558454,0.00049954024,1.0,0.98,6.38329,0.9999057
2760,0.4561999999999999,1.2636012,0,0,0.19999762,1.4635988,0.0004995394,0.98,0.88,6.5824194,0.9999881
2765,0.45599999999999996,0.53675914,0,0,0.19986038,0.73661953,0.0004995386,0.98,0.68,5.241501,0.9993019
2770,0.4977,0.1477715,0,0,0.19998363,0.34775513,0.00049953774,0.98,0.5,6.5167384,0.9999181
2775,0.7517000000000001,0.43979245,0,0,0.19995096,0.63974345,0.0004995369,0.98,0.34,5.5341835,0.9997548
2780,0.9620000000000006,0.33180183,0,0,0.19996938,0.5317712,0.0004995361,0.98,0.3,4.808006,0.9998469
2785,0.9620000000000004,0.69834155,0,0,0.19994201,0.89828354,0.00049953524,1.0,0.22,4.336265,0.99971
2790,0.9622000000000008,0.3172111,0,0,0.19997625,0.51718736,0.0004995345,1.0,0.22,5.9743075,0.9998812
2795,0.9624000000000007,0.4137059,0,0,0.19985577,0.61356163,0.0004995336,0.96,0.22,5.565549,0.99927884
2800,0.9622000000000007,0.32305384,0,0,0.19948125,0.5225351,0.0004995328,0.96,0.18,5.6786575,0.99740624
2805,0.9632000000000008,0.4475555,0,0,0.19992231,0.6474778,0.000499532,0.94,0.04,5.3927765,0.9996115
2810,0.9634000000000009,0.41784787,0,0,0.19999233,0.6178402,0.0004995311,0.92,0.02,7.4201536,0.9999616
2815,0.963400000000001,0.25545657,0,0,0.19996487,0.45542145,0.0004995303,0.92,0.02,4.8716855,0.99982435
2820,0.9634000000000009,0.41188458,0,0,0.1999809,0.61186546,0.0004995295,0.96,0.04,5.9462433,0.99990445
2825,0.9633000000000007,0.23755963,0,0,0.19991784,0.43747747,0.0004995286,0.96,0.04,6.3565106,0.9995892
2830,0.9198000000000005,0.04922175,0,0,0.19994791,0.24916966,0.0004995278,0.98,0.02,6.3721433,0.9997395
2835,0.7075000000000001,0.33765775,0,0,0.19995396,0.5376117,0.00049952697,1.0,0.04,6.643352,0.99976975
2840,0.40720000000000006,1.0917535,0,0,0.19999419,1.2917477,0.0004995261,1.0,0.1,6.329228,0.9999709
2845,0.40569999999999995,0.77569574,0,0,0.19993435,0.9756301,0.0004995253,0.98,0.12,5.618697,0.9996717
2850,0.4055999999999999,0.45857233,0,0,0.19998002,0.65855235,0.00049952447,0.98,0.2,6.2685328,0.9999001
2855,0.4484999999999999,0.34830093,0,0,0.19999623,0.54829717,0.0004995236,0.98,0.2,7.0610404,0.99998116
2860,0.6609999999999999,0.7996048,0,0,0.19995406,0.9995588,0.0004995228,0.98,0.18,5.2219906,0.9997703
2865,0.9611000000000007,0.1301714,0,0,0.19996691,0.33013833,0.0004995219,0.96,0.18,6.1235337,0.99983454
2870,0.9630000000000009,0.27613968,0,0,0.19997384,0.4761135,0.0004995211,0.98,0.16,5.785489,0.99986917
2875,0.963800000000001,0.22759336,0,0,0.19998138,0.42757475,0.0004995203,0.98,0.1,6.782043,0.9999069
2880,0.9642000000000008,0.1424905,0,0,0.19995724,0.34244776,0.0004995194,0.96,0.1,4.990952,0.99978614
2885,0.9632000000000005,0.2835762,0,0,0.19999464,0.4835708,0.0004995186,0.94,0.12,7.5655017,0.9999732
2890,0.9628000000000005,0.4864637,0,0,0.19994985,0.6864135,0.0004995178,0.92,0.08,5.516981,0.9997492
2895,0.9624000000000005,0.439341,0,0,0.19999331,0.6393343,0.0004995169,0.88,0.06,7.2387247,0.99996656
2900,0.9620000000000007,0.5056668,0,0,0.19996999,0.7056368,0.0004995161,0.88,0.04,4.64117,0.9998499
2905,0.9614000000000007,0.31457025,0,0,0.19997881,0.5145491,0.00049951527,0.9,0.04,6.27883,0.999894
2910,0.9620000000000007,0.491465,0,0,0.19997178,0.69143677,0.0004995144,0.9,0.02,6.2639556,0.99985886
2915,0.9622000000000008,0.30711153,0,0,0.19997321,0.5070847,0.0004995136,0.94,0.04,5.857374,0.999866
2920,0.9620000000000006,0.18864138,0,0,0.19998078,0.38862216,0.00049951277,0.98,0.08,5.6915174,0.9999039
2925,0.9620000000000006,0.26855797,0,0,0.19998015,0.4685381,0.0004995119,0.94,0.08,6.424965,0.99990076
2930,0.9616000000000003,0.20999505,0,0,0.19999243,0.40998748,0.0004995111,0.74,0.08,6.9790726,0.99996215
2935,0.9616000000000007,0.053454317,0,0,0.19999869,0.25345302,0.00049951026,0.64,0.12,8.550397,0.99999344
2940,0.9618000000000008,0.20542657,0,0,0.19996779,0.40539438,0.0004995094,0.64,0.28,5.8774796,0.9998389
2945,0.9620000000000006,0.17061807,0,0,0.19997112,0.3705892,0.0004995086,0.64,0.44,6.1957684,0.9998556
2950,0.9616000000000007,0.04423589,0,0,0.19998978,0.24422567,0.00049950776,0.68,0.62,7.2983747,0.99994886
2955,0.9624000000000007,0.052521653,0,0,0.19998363,0.25250527,0.0004995069,0.88,0.72,5.6225734,0.9999181
2960,0.9622000000000006,0.019926302,0,0,0.19999222,0.21991852,0.0004995061,0.9,0.7,6.049992,0.99996114
2965,0.9620000000000004,0.11842554,0,0,0.1999831,0.31840864,0.00049950526,0.88,0.52,6.483849,0.9999155
2970,0.9620000000000006,0.034264907,0,0,0.19997823,0.23424314,0.0004995044,0.86,0.32,6.0937595,0.99989116
2975,0.9626000000000006,0.05184984,0,0,0.19996987,0.2518197,0.0004995036,0.86,0.16,5.8381968,0.9998493
2980,0.9207000000000006,0.05214862,0,0,0.19998892,0.25213754,0.00049950276,0.86,0.06,6.6612535,0.99994457
2985,0.8758000000000007,0.34324256,0,0,0.19999446,0.54323703,0.00049950194,0.94,0.1,7.189675,0.9999723
2990,0.5763000000000001,0.87079966,0,0,0.19984935,1.070649,0.0004995011,0.96,0.14,6.244441,0.9992468
2995,0.3191000000000003,0.58492035,0,0,0.19999015,0.7849105,0.00049950025,0.94,0.18,8.058639,0.99995077
